Emp_ID,Name,Age,Salary (INR),Experience (Years),City,Department,Performance Rating
101,Priya Tiwari,37,1029000.0,14,Jaipur,HR,4.4
102,Vinod Chopra,46,1506000.0,25,Indore,Marketing,4
103,Ramesh Yadav,46,1551000.0,24,Noida,Marketing,3.9
104,Karan Rao,38,1003000.0,14,Bhopal,HR,3.9
105,Riya Agrawal,35,902000.0,13,Indore,Operations,3.2
106,Vikram Yadav,29,NaN,6,Bangalore,IT,4.3
107,Ravi Chauhan,26,642000.0,3,Ahmedabad,Marketing,4.8
108,Isha Kapoor,32,990000.0,11,Bangalore,Sales,3.4
109,Alka Bhatt,29,869000.0,6,Pune,Marketing,3.5
110,Kavita Chopra,37,1477000.0,15,Surat,Management,4
111,Preeti Chauhan,29,1028000.0,8,Ahmedabad,Sales,4.1
112,Vivek Mehta,25,836000.0,2,Pune,Finance,3.5
113,Meera Agarwal,35,948000.0,13,Jaipur,Marketing,3.4
114,Ajay Reddy,35,1114000.0,13,NaN,Operations,4.2
115,Deepika Mishra,33,1396000.0,12,Lucknow,Management,3.4
116,Pankaj Yadav,28,688000.0,5,Patna,HR,4.6
117,Prakash Kumar,36,864000.0,13,Jaipur,HR,4.3
118,Shweta Reddy,30,806000.0,6,Nagpur,Marketing,4.4
119,Rohit Pandey,42,1455000.0,18,Mumbai,IT,3.7
120,Anita Malhotra,31,1342000.0,9,Indore,Management,4.6
121,Aarti Joshi,30,845000.0,6,Ahmedabad,Marketing,3.5
122,Riya Chopra,24,770000.0,3,Kochi,Operations,4.8
123,Kiran Singh,33,1030000.0,10,Hyderabad,Sales,4.3
124,Ashish Pandey,28,889000.0,6,Kolkata,Marketing,4.9
125,Sunita Sinha,33,1060000.0,11,Kanpur,HR,2.8
126,Shweta Agrawal,40,1322000.0,19,Lucknow,Marketing,
127,Manish Menon,34,1226000.0,11,Surat,Management,4
128,Gaurav Bhatt,36,1393000.0,15,Patna,IT,3.8
129,Shweta Agrawal,27,685000.0,5,Patna,HR,4.6
130,Divya Reddy,36,928000.0,12,Kochi,HR,4.4
131,Sonia Rao,34,1062000.0,inf,Kanpur,Sales,
132,Sandeep Saxena,31,869000.0,10,Jaipur,HR,3.4
133,Rajesh Bansal,36,1161000.0,14,Jaipur,Marketing,4.1
134,Alok Mishra,32,1022000.0,11,Lucknow,IT,3.9
135,Gaurav Reddy,31,731000.0,7,Kochi,HR,4
136,Ankit Bansal,37,1156000.0,13,Patna,HR,4.2
137,Sonia Singh,36,1119000.0,15,Indore,Operations,3.1
138,Harsh Saxena,33,1025000.0,12,Kolkata,Operations,
139,Sanjay Jain,32,959000.0,11,Pune,HR,4.1
140,Naveen Kumar,24,641000.0,0,Ahmedabad,HR,4.5
141,Pankaj Saxena,40,1342000.0,NaN,Kochi,IT,4.8
142,Swati Menon,22,597000.0,0,Indore,HR,5
143,Suresh Chauhan,26,775000.0,2,Hyderabad,IT,4.1
144,Ajay Reddy,29,751000.0,5,Indore,Finance,4.1
145,Komal Chopra,25,623000.0,1,Pune,HR,3.6
146,Alok Bansal,46,1412000.0,25,Lucknow,Operations,3.9
147,Puneet Khanna,40,1282000.0,inf,Chandigarh,IT,4.2
148,Sameer Verma,44,1276000.0,23,Jaipur,Operations,
149,Ankit Mishra,36,1238000.0,15,Bangalore,Marketing,3.5
150,Puneet Bansal,23,inf,0,Pune,Finance,4.2
151,Geeta Mishra,36,1083000.0,13,Chennai,Sales,3.8
152,Sunita Saxena,35,1443000.0,12,Bangalore,Management,3.7
153,Abhishek Bansal,48,1733000.0,27,Kochi,IT,3.5
154,Ashish Kumar,39,NaN,16,Jaipur,IT,4.5
155,Arjun Saxena,43,1284000.0,20,Chandigarh,Marketing,
156,Rakesh Patil,37,1176000.0,16,Ahmedabad,HR,5
157,Vinod Tiwari,32,990000.0,10,Surat,Finance,3.7
158,Kiran Yadav,27,784000.0,4,Patna,Marketing,4.3
159,Alok Verma,36,1486000.0,NaN,Ahmedabad,Management,4.1
160,Sanjay Agrawal,45,1384000.0,23,Ahmedabad,Operations,NaN
161,Naveen Kapoor,39,1106000.0,15,Delhi,Marketing,3.6
162,Vikram Kapoor,37,1542000.0,16,Kanpur,Management,4.5
163,Anita Iyer,37,1269000.0,15,Surat,IT,3.7
164,Sunil Bhatt,21,514000.0,0,Jaipur,HR,4.5
165,Suman Agrawal,35,935000.0,11,Chennai,Marketing,4.2
166,Kavya Chauhan,37,1454000.0,15,Hyderabad,Management,4.2
167,Priya Mehta,34,1294000.0,11,Indore,Management,4.3
168,Kavya Reddy,38,1647000.0,16,Kolkata,Management,4.6
169,Sunil Chauhan,22,475000.0,0,Pune,HR,4.4
170,Isha Desai,38,1566000.0,15,Jaipur,Management,5
171,Karan Joshi,38,1316000.0,15,Bangalore,Finance,4.6
172,Shalini Desai,39,1100000.0,15,Kochi,Operations,4.5
173,Rajesh Singh,27,671000.0,4,Gurgaon,HR,3.9
174,Sneha Gupta,34,1290000.0,13,Indore,Marketing,3.2
175,Anil Iyer,39,1101000.0,18,Gurgaon,Sales,3.9
176,Sunil Rao,42,1385000.0,18,Chandigarh,IT,3.6
177,Shweta Chopra,28,964000.0,6,Indore,Finance,3.7
178,Sanjay Agarwal,35,1024000.0,12,Kolkata,Operations,3.8
179,Sunita Pandey,51,1631000.0,28,Indore,Operations,3.1
180,Manoj Kapoor,35,952000.0,13,Indore,HR,4.5
181,Aarti Chopra,27,816000.0,5,Gurgaon,Marketing,4.4
182,Rakesh Sinha,40,1269000.0,19,Surat,Finance,3.9
183,Puneet Agarwal,30,793000.0,7,Bhopal,Sales,5
184,Suresh Pandey,37,1354000.0,13,Hyderabad,Management,4.6
185,Rekha Pandey,50,1778000.0,27,Jaipur,IT,3.3
186,Preeti Jain,30,931000.0,8,NaN,HR,3.7
187,Yogesh Agarwal,37,1222000.0,16,Indore,Sales,3.6
188,Tanvi Yadav,33,656000.0,9,Nagpur,Sales,3.6
189,Amit Bhatt,31,1250000.0,10,NaN,Management,4.9
190,Sandeep Saxena,22,650000.0,NaN,Jaipur,Marketing,4.2
191,Neha Saxena,45,1690000.0,23,Bhopal,Management,4.7
192,Komal Agarwal,34,1306000.0,11,Bhopal,Management,4.3
193,Vandana Iyer,35,887000.0,11,Patna,HR,4.1
194,Gaurav Sinha,30,1254000.0,7,Chandigarh,Management,4.4
195,Gaurav Reddy,46,1421000.0,22,Surat,IT,5
196,Sanjay Nair,21,538000.0,0,Chennai,HR,4.4
197,Vikram Rao,36,1190000.0,14,Indore,IT,4
198,Vishal Saxena,30,913000.0,6,Pune,IT,4.5
199,Aarti Bhatt,36,1470000.0,15,Gurgaon,Management,4.5
200,Amit Desai,36,1520000.0,13,Nagpur,Management,4.4
201,Manisha Kapoor,27,730000.0,5,Jaipur,Sales,4.5
202,Mohit Sharma,38,1188000.0,14,Nagpur,Finance,4.2
203,Isha Menon,44,1373000.0,22,Kochi,Marketing,4.4
204,Kunal Bansal,32,1118000.0,11,Indore,IT,4.6
205,Prakash Mehta,40,1430000.0,19,NaN,Finance,4.8
206,Prakash Nair,34,1440000.0,11,Nagpur,Management,3.9
207,Harsh Reddy,36,1115000.0,NaN,Delhi,Sales,4.1
208,Deepika Desai,38,1095000.0,16,Bangalore,Operations,5
209,Kavita Agrawal,25,593000.0,4,Pune,HR,4.7
210,Alka Kumar,40,1230000.0,18,Patna,HR,4.4
211,Tanvi Yadav,33,843000.0,9,Ahmedabad,Operations,4.1
212,Divya Agarwal,28,inf,inf,Hyderabad,Management,4
213,Anjali Bansal,27,884000.0,6,Gurgaon,Finance,4.3
214,Aarti Joshi,29,929000.0,7,Gurgaon,IT,4.2
215,Kavya Singh,35,1379000.0,12,Noida,Management,3.9
216,Tanvi Jain,35,1074000.0,14,Kochi,Finance,3.4
217,Vivek Verma,28,NaN,5,Indore,IT,4.3
218,Anjali Iyer,45,1439000.0,22,Bhopal,Operations,4
219,Renu Mehta,33,920000.0,10,Kochi,Marketing,4.1
220,Isha Iyer,31,1006000.0,8,Jaipur,Finance,3.7
221,Swati Reddy,38,1163000.0,14,Bhopal,HR,4
222,Aarti Nair,37,1215000.0,16,Lucknow,Sales,3.9
223,Suresh Desai,35,1121000.0,12,Ahmedabad,Finance,4.1
224,Shalini Kapoor,27,862000.0,6,Pune,Marketing,4.3
225,Harsh Khanna,45,1482000.0,23,Patna,Operations,5
226,Jyoti Saxena,27,1030000.0,6,Surat,IT,4.2
227,Gaurav Patil,51,1515000.0,28,Kochi,Sales,3.7
228,Aditya Tiwari,29,740000.0,6,Bhopal,Finance,3.8
229,Ashish Mishra,27,NaN,6,Pune,Operations,4.3
230,Vishal Agrawal,49,1571000.0,27,Pune,HR,3.8
231,Shalini Tiwari,26,894000.0,3,Pune,IT,3.4
232,Vivek Mehta,48,1719000.0,25,Kochi,IT,3.9
233,Sunil Gupta,21,708000.0,0,Chennai,Operations,4
234,Jyoti Singh,43,1292000.0,22,Surat,Marketing,3.8
235,Naveen Nair,34,1174000.0,12,Ahmedabad,IT,3.9
236,Pallavi Singh,38,1110000.0,17,Patna,Sales,4
237,Alok Kumar,34,1461000.0,12,NaN,Management,4.5
238,Swati Mishra,25,667000.0,4,Indore,Marketing,4.7
239,Alka Mishra,36,960000.0,12,Bhopal,Sales,4.9
240,Puneet Iyer,34,1129000.0,11,Noida,Marketing,NaN
241,Vinod Agrawal,50,1720000.0,28,Pune,Operations,4
242,Ramesh Mehta,41,1267000.0,19,Kochi,HR,4.8
243,Amit Iyer,26,725000.0,2,Noida,Operations,4.6
244,Sunil Mishra,21,505000.0,0,Surat,Operations,3.1
245,Isha Verma,31,1072000.0,9,Gurgaon,Finance,4.9
246,Sonia Iyer,34,1235000.0,13,Jaipur,Marketing,3.4
247,Shalini Sinha,21,746000.0,0,Mumbai,IT,4.3
248,Nitin Agarwal,33,785000.0,10,Kolkata,Sales,4.1
249,Nitin Rao,23,754000.0,NaN,Chandigarh,Finance,4.3
250,Naveen Verma,26,734000.0,NaN,Lucknow,Sales,3.6
251,Priya Verma,33,1061000.0,11,Gurgaon,Operations,3.6
252,Priya Agrawal,38,1133000.0,15,Mumbai,Marketing,3.7
253,Ritu Khanna,33,932000.0,9,Hyderabad,Finance,3.8
254,Renu Malhotra,24,907000.0,0,Patna,IT,4.1
255,Sanjay Nair,28,1262000.0,7,Hyderabad,Management,4
256,Mohit Patil,32,1329000.0,8,Kochi,Management,4.5
257,Ramesh Nair,29,864000.0,6,Kolkata,Finance,4
258,Bhavna Chauhan,21,479000.0,0,NaN,Operations,4.8
259,Alok Yadav,47,1470000.0,24,Patna,Marketing,4.4
260,Deepika Yadav,36,1351000.0,13,Chennai,Marketing,4.7
261,Simran Bhatt,32,954000.0,8,Delhi,IT,3.3
262,Charu Jain,35,994000.0,13,Hyderabad,Operations,3.4
263,Amit Kapoor,28,803000.0,4,Jaipur,IT,4.9
264,Neha Saxena,41,1299000.0,20,Chennai,Operations,4.8
265,Manoj Pandey,34,916000.0,11,Patna,Sales,4.9
266,Kavya Saxena,38,1077000.0,16,Pune,Sales,4
267,Vandana Tiwari,26,inf,4,Bangalore,Management,4.6
268,Harsh Nair,49,1798000.0,26,Delhi,Management,4.4
269,Nitin Sinha,28,1101000.0,4,Chennai,Management,3.8
270,Yogesh Desai,27,794000.0,inf,Kochi,Marketing,3.7
271,Anil Chauhan,36,1086000.0,14,Jaipur,Operations,4
272,Preeti Chauhan,26,774000.0,2,Lucknow,IT,4.5
273,Aarti Joshi,38,inf,16,Mumbai,Sales,4.1
274,Puneet Nair,40,1531000.0,19,Bhopal,Management,4.4
275,Prakash Sharma,28,856000.0,6,Chennai,Sales,3.7
276,Ashish Nair,21,470000.0,0,NaN,Operations,NaN
277,Shweta Joshi,36,983000.0,13,Patna,Operations,4.4
278,Kavita Agarwal,21,545000.0,0,Surat,HR,3.5
279,Swati Iyer,28,1249000.0,7,Kolkata,Management,3.7
280,Nitin Bhatt,30,1146000.0,NaN,Lucknow,IT,3.8
281,Rekha Desai,40,1105000.0,17,Chennai,Sales,4.4
282,Harsh Bansal,45,1157000.0,23,Hyderabad,HR,3.7
283,Ajay Agarwal,38,1144000.0,16,Gurgaon,Sales,4.3
284,Prakash Malhotra,29,817000.0,6,Ahmedabad,Sales,4
285,Isha Bhatt,43,1320000.0,20,Kochi,Operations,4.3
286,Naveen Desai,30,806000.0,7,Indore,Operations,NaN
287,Isha Chauhan,37,1006000.0,14,Nagpur,HR,4.2
288,Anjali Mishra,50,1630000.0,26,Kanpur,Marketing,3.9
289,Rekha Sharma,43,1332000.0,19,NaN,Finance,3.1
290,Deepika Menon,25,885000.0,1,Surat,Management,3.9
291,Preeti Agarwal,34,1069000.0,11,Pune,HR,4.3
292,Pooja Malhotra,32,-1051000.0,11,Mumbai,Operations,3
293,Naveen Gupta,35,1082000.0,12,Chennai,Operations,3.4
294,Manoj Nair,43,1242000.0,19,NaN,HR,3.9
295,Vishal Bhatt,39,1392000.0,16,Chandigarh,Marketing,4.2
296,Divya Reddy,35,1348000.0,11,Surat,Management,3.7
297,Kiran Jain,40,1197000.0,19,Bangalore,Sales,4.1
298,Deepak Chauhan,30,1248000.0,6,Kochi,Management,4.3
299,Kunal Sharma,42,1274000.0,19,Kolkata,Marketing,4
300,Ashish Bansal,26,inf,2,Kanpur,Management,4.3
301,Deepak Khanna,40,1241000.0,19,Kochi,Marketing,4.5
302,Abhishek Mishra,44,1438000.0,23,NaN,Operations,5
303,Sunita Malhotra,27,755000.0,3,Chennai,IT,3.2
304,Sunil Patil,45,1537000.0,21,Kolkata,IT,4.1
305,Vishal Kumar,36,930000.0,12,Kanpur,Sales,5
306,Shweta Iyer,35,1064000.0,13,Kolkata,Sales,4.5
307,Alka Iyer,37,1258000.0,14,Kanpur,IT,3.7
308,Naveen Mishra,37,1391000.0,14,Kanpur,IT,4.8
309,Ravi Gupta,46,1429000.0,22,Pune,Finance,3.6
310,Isha Verma,32,inf,10,Noida,Operations,NaN
311,Deepika Jain,21,672000.0,0,Chennai,HR,4
312,Nisha Verma,30,849000.0,8,Pune,Marketing,3.3
313,Preeti Nair,40,1636000.0,18,Noida,Management,3.5
314,Vikram Kumar,23,973000.0,0,Hyderabad,Management,4.9
315,Rajesh Kumar,31,930000.0,10,Jaipur,Finance,4
316,Priya Mehta,31,-814000.0,8,Chennai,IT,4.1
317,Nidhi Singh,32,1041000.0,11,Bhopal,Sales,5
318,Vandana Bansal,43,1348000.0,22,NaN,Sales,3.5
319,Abhishek Gupta,54,NaN,31,Delhi,Sales,4.1
320,Yogesh Chauhan,33,931000.0,9,Kolkata,Sales,4
321,Naveen Verma,29,936000.0,8,NaN,Finance,4.1
322,Rohit Reddy,29,753000.0,6,Noida,Sales,4.2
323,Prakash Pandey,31,1115000.0,7,Kolkata,IT,2.8
324,Komal Tiwari,42,1400000.0,NaN,Bhopal,Sales,3.1
325,Manisha Nair,31,815000.0,7,NaN,Sales,3.4
326,Geeta Iyer,27,651000.0,4,Ahmedabad,Operations,5
327,Vikram Chopra,41,1447000.0,17,Bangalore,IT,4.5
328,Swati Iyer,24,663000.0,3,Kanpur,Operations,4.3
329,Komal Gupta,24,692000.0,1,Kolkata,Operations,4
330,Aditya Chauhan,31,1107000.0,10,Noida,Finance,4.3
331,Vinod Bansal,31,958000.0,9,Patna,HR,3.6
332,Vinod Desai,38,1322000.0,15,Ahmedabad,IT,3.9
333,Renu Chauhan,36,1075000.0,15,Ahmedabad,Marketing,4.6
334,Rahul Rao,32,973000.0,9,Kanpur,Finance,4.6
335,Vikram Bansal,28,777000.0,4,Chennai,IT,3.3
336,Priya Verma,38,1058000.0,16,Indore,Sales,NaN
337,Arjun Desai,21,-736000.0,0,Lucknow,Operations,4.2
338,Tanvi Agarwal,33,1126000.0,12,Chennai,IT,NaN
339,Abhishek Gupta,33,1208000.0,NaN,Bhopal,Finance,4.2
340,Jyoti Agarwal,35,956000.0,11,Ahmedabad,Sales,4.1
341,Tarun Singh,36,918000.0,13,Kolkata,Sales,3.4
342,Puneet Khanna,39,1324000.0,16,Jaipur,IT,4
343,Varun Gupta,34,1033000.0,13,Surat,HR,3.8
344,Pooja Agrawal,27,856000.0,4,Lucknow,Finance,3.6
345,Mohit Tiwari,37,869000.0,13,Chennai,HR,4.6
346,Deepak Pandey,37,1260000.0,14,Nagpur,IT,4.6
347,Kavita Iyer,47,1591000.0,26,Bangalore,Sales,3.2
348,Tanvi Iyer,23,550000.0,0,Indore,Operations,4.1
349,Kunal Sharma,38,1017000.0,15,Noida,HR,4.2
350,Vivek Verma,27,1056000.0,3,Kolkata,Management,3.4
351,Puneet Joshi,26,667000.0,5,Surat,Sales,3.6
352,Preeti Nair,42,NaN,20,Chandigarh,IT,5
353,Nidhi Pandey,37,1540000.0,15,Kanpur,Management,3.7
354,Vikram Mishra,39,1134000.0,18,Ahmedabad,HR,4.2
355,Varun Kumar,54,1697000.0,33,Patna,HR,4.7
356,Ankit Agrawal,28,737000.0,4,Gurgaon,Operations,5
357,Alka Nair,28,870000.0,5,Bhopal,HR,4.5
358,Naveen Malhotra,29,1261000.0,NaN,Ahmedabad,Management,4.6
359,Suman Pandey,38,1169000.0,17,Bhopal,Finance,3.7
360,Alok Desai,32,1059000.0,9,Bangalore,IT,4.4
361,Vandana Joshi,35,928000.0,11,Kochi,Marketing,4.3
362,Kavita Saxena,38,1305000.0,16,Noida,Finance,4.6
363,Vikram Gupta,40,1347000.0,16,Lucknow,IT,4.1
364,Swati Pandey,21,784000.0,0,Jaipur,IT,4.2
365,Simran Pandey,36,1088000.0,14,Kanpur,Finance,3.6
366,Aarti Iyer,42,1262000.0,19,Noida,Operations,4.4
367,Sanjay Verma,34,1137000.0,11,Kochi,IT,4.6
368,Rekha Reddy,29,953000.0,7,Bangalore,Finance,3.9
369,Anita Menon,30,920000.0,7,Nagpur,Finance,4.2
370,Ramesh Patil,30,910000.0,6,NaN,Operations,NaN
371,Nidhi Verma,32,895000.0,8,Kanpur,Marketing,4.8
372,Nitin Mehta,35,1238000.0,13,Patna,Finance,3.4
373,Rohit Kumar,36,1296000.0,15,Kolkata,Finance,4.1
374,Vishal Sinha,42,NaN,21,Lucknow,Operations,4.8
375,Alka Kumar,52,1501000.0,28,Hyderabad,HR,3.9
376,Abhishek Jain,45,1531000.0,23,Bhopal,Operations,3.8
377,Vivek Chopra,30,NaN,8,Noida,Sales,3.4
378,Naveen Mishra,26,760000.0,4,Patna,Finance,3.7
379,Sonia Desai,33,934000.0,9,Surat,Sales,4.9
380,Vandana Pandey,26,699000.0,2,Pune,HR,4
381,Pooja Chauhan,33,1154000.0,10,Patna,IT,3.5
382,Komal Menon,37,1173000.0,16,Chandigarh,Operations,4.3
383,Rekha Verma,36,1386000.0,14,Bhopal,Finance,3.8
384,Anita Sinha,29,875000.0,5,Jaipur,IT,3.8
385,Suman Menon,28,940000.0,7,Mumbai,Sales,4.8
386,Vivek Mishra,29,858000.0,5,Kanpur,IT,4.3
387,Anil Menon,29,1331000.0,8,Lucknow,Management,4.2
388,Pooja Gupta,21,1124000.0,0,Patna,Management,5
389,Pooja Agrawal,29,744000.0,5,Noida,Sales,4.2
390,Ramesh Sharma,36,1058000.0,13,Chennai,HR,5
391,Varun Pandey,32,966000.0,8,Surat,IT,3.4
392,Manish Gupta,28,NaN,6,Noida,Sales,5
393,Manish Sinha,29,843000.0,5,Kochi,Marketing,4.1
394,Tarun Bansal,43,1537000.0,21,Chennai,Operations,3.8
395,Amit Agarwal,30,879000.0,7,Gurgaon,HR,4.4
396,Ramesh Pandey,48,inf,inf,Chandigarh,IT,3.9
397,Tarun Kapoor,38,1284000.0,17,Patna,Sales,4.5
398,Ajay Desai,38,NaN,15,Delhi,Operations,4.7
399,Pankaj Desai,45,1457000.0,23,Kolkata,Operations,4
400,Kiran Kumar,35,1287000.0,14,Kochi,Finance,3.7
401,Sameer Sinha,36,989000.0,12,Patna,Operations,4.1
402,Pooja Verma,44,1465000.0,20,Surat,IT,4.1
403,Karan Bhatt,23,830000.0,2,Surat,Finance,4.4
404,Vishal Khanna,51,1705000.0,28,Pune,IT,4.2
405,Alok Chauhan,35,1246000.0,12,Kolkata,Finance,4.1
406,Renu Bhatt,36,1069000.0,12,NaN,Operations,4.2
407,Aarti Nair,30,-896000.0,8,Patna,Sales,4.6
408,Sandeep Reddy,25,751000.0,4,Indore,Operations,3.7
409,Varun Sinha,43,1263000.0,21,Surat,Marketing,3.8
410,Ramesh Nair,37,1315000.0,14,Bhopal,Finance,4.1
411,Renu Mehta,29,1025000.0,5,Bhopal,Finance,3.4
412,Ravi Agarwal,21,735000.0,0,Mumbai,Finance,3.8
413,Kunal Desai,25,912000.0,3,Chennai,IT,4.2
414,Simran Gupta,29,893000.0,7,Jaipur,IT,4.5
415,Payal Desai,39,1167000.0,15,Mumbai,Marketing,5
416,Simran Desai,25,548000.0,2,Bangalore,Sales,3.8
417,Nidhi Desai,33,1034000.0,9,Ahmedabad,Finance,4
418,Manish Sharma,36,990000.0,14,Chandigarh,Sales,4.8
419,Rakesh Singh,33,1439000.0,10,Ahmedabad,Management,4.3
420,Nisha Agarwal,37,1136000.0,14,Patna,Operations,NaN
421,Rohit Chauhan,39,1336000.0,NaN,Hyderabad,Sales,4.2
422,Simran Verma,39,1153000.0,16,Kanpur,Operations,4.8
423,Komal Kapoor,28,1019000.0,5,Hyderabad,Finance,4.1
424,Ritu Jain,22,660000.0,0,Jaipur,Marketing,3.8
425,Karan Jain,40,1128000.0,18,Patna,HR,3.9
426,Rakesh Bansal,21,564000.0,0,Kochi,Sales,2.9
427,Ramesh Verma,21,661000.0,0,Patna,Sales,4.5
428,Harsh Sinha,37,1033000.0,16,Lucknow,HR,4.1
429,Simran Saxena,33,807000.0,10,Kochi,HR,4.9
430,Ritu Agrawal,41,1247000.0,19,Chandigarh,Sales,4.1
431,Deepika Sinha,35,977000.0,14,Chennai,Marketing,4
432,Arjun Nair,28,830000.0,6,Chandigarh,Finance,4
433,Swati Reddy,48,1561000.0,26,Kochi,Operations,3.8
434,Nitin Agarwal,38,1357000.0,17,Hyderabad,Marketing,4.6
435,Radhika Kumar,34,968000.0,12,Noida,Operations,4.4
436,Charu Nair,37,NaN,16,Delhi,Management,4.4
437,Ankit Reddy,42,1657000.0,20,NaN,Management,4.8
438,Rajesh Khanna,35,1186000.0,12,Surat,Operations,3.8
439,Kunal Patil,47,1571000.0,23,Mumbai,IT,3.8
440,Harsh Khanna,30,734000.0,6,Lucknow,HR,4.3
441,Geeta Chauhan,38,NaN,15,NaN,Operations,4.1
442,Pooja Agrawal,51,1768000.0,28,Kochi,Marketing,4.3
443,Gaurav Saxena,34,1165000.0,13,Bhopal,Finance,4.4
444,Vinod Gupta,25,649000.0,2,Noida,Sales,3.3
445,Arjun Sinha,37,1192000.0,14,Lucknow,Marketing,3.9
446,Arjun Khanna,46,1272000.0,22,Surat,Sales,3.4
447,Ramesh Joshi,35,1019000.0,11,Pune,HR,4.9
448,Deepika Gupta,30,931000.0,7,Noida,Sales,4.1
449,Pallavi Patil,32,1456000.0,11,Kolkata,Management,4.4
450,Ashish Tiwari,21,1118000.0,0,Nagpur,Management,4.8
451,Kunal Gupta,28,942000.0,6,Kochi,Finance,4.3
452,Ajay Pandey,36,1376000.0,12,Kochi,Management,3.8
453,Abhishek Chopra,33,1064000.0,12,Kolkata,HR,4.4
454,Sanjay Kapoor,31,1342000.0,8,Chennai,Management,2.7
455,Tarun Joshi,43,1381000.0,22,Mumbai,IT,3.9
456,Sanjay Jain,25,581000.0,NaN,NaN,Marketing,4.7
457,Tarun Kumar,30,923000.0,7,Lucknow,Marketing,4.1
458,Abhishek Tiwari,37,1146000.0,14,Lucknow,Marketing,3.5
459,Tarun Kapoor,41,1155000.0,17,Gurgaon,Operations,3.3
460,Rajesh Desai,30,965000.0,7,Kolkata,Operations,4.5
461,Radhika Patil,31,972000.0,10,Patna,Marketing,3.9
462,Puneet Bansal,50,1611000.0,28,Mumbai,Operations,4.3
463,Divya Pandey,42,1199000.0,18,Jaipur,HR,4
464,Manish Yadav,32,979000.0,11,Lucknow,Sales,4.1
465,Harsh Rao,39,1199000.0,17,Chandigarh,Sales,4.5
466,Pallavi Chauhan,33,1026000.0,12,Chennai,Operations,3.1
467,Rakesh Nair,41,1273000.0,17,Nagpur,Marketing,NaN
468,Sameer Saxena,21,817000.0,0,Kanpur,Marketing,4
469,Sneha Agarwal,42,1097000.0,18,Jaipur,HR,NaN
470,Nitin Mishra,25,1020000.0,2,Surat,Management,5
471,Jyoti Nair,32,997000.0,8,Kochi,Finance,4.5
472,Shalini Patil,37,1222000.0,16,Kochi,Marketing,NaN
473,Kunal Sinha,53,2045000.0,30,Chennai,Management,4.2
474,Manoj Rao,42,1523000.0,21,Bhopal,Finance,4.7
475,Pallavi Yadav,39,1504000.0,17,Kochi,Management,4.9
476,Rakesh Rao,24,609000.0,1,Kolkata,HR,3.7
477,Radhika Mishra,33,1161000.0,11,Chandigarh,IT,4.3
478,Deepak Gupta,37,1289000.0,16,Lucknow,Sales,4.3
479,Anjali Chopra,32,1177000.0,NaN,Kochi,IT,4.7
480,Divya Iyer,24,648000.0,NaN,Pune,Sales,4.5
481,Rekha Nair,31,990000.0,8,Mumbai,Operations,4
482,Swati Malhotra,35,1091000.0,13,Mumbai,Marketing,4.1
483,Ritu Iyer,25,740000.0,3,Nagpur,IT,4.9
484,Ritu Menon,27,811000.0,NaN,Delhi,IT,3
485,Varun Singh,28,769000.0,5,Bhopal,Finance,4.9
486,Shweta Pandey,42,1125000.0,18,Chandigarh,HR,5
487,Karan Jain,41,1374000.0,20,Hyderabad,Finance,2.9
488,Sneha Rao,52,1689000.0,30,NaN,IT,3.3
489,Tanvi Chopra,42,1445000.0,20,Noida,HR,4.8
490,Bhavna Sinha,38,1188000.0,14,Lucknow,Marketing,4.5
491,Vinod Mehta,40,1252000.0,18,Lucknow,Sales,4.2
492,Riya Reddy,33,805000.0,9,Bhopal,HR,4
493,Kiran Patil,21,692000.0,NaN,Kanpur,Finance,3.6
494,Deepika Chopra,25,754000.0,4,Surat,Sales,4.8
495,Tarun Menon,41,1104000.0,18,Kolkata,Operations,3.6
496,Rekha Desai,41,1136000.0,19,Chennai,HR,4
497,Prakash Tiwari,38,1048000.0,15,Kochi,Sales,4.2
498,Shweta Jain,23,987000.0,1,Jaipur,Management,4.3
499,Charu Chauhan,21,685000.0,0,Bhopal,Marketing,4.1
500,Vivek Verma,38,1363000.0,NaN,Kochi,IT,4.8
501,Sonia Bansal,35,971000.0,13,Lucknow,HR,4.2
502,Simran Singh,38,1164000.0,16,Gurgaon,Operations,4.1
503,Tarun Saxena,28,792000.0,7,NaN,Sales,NaN
504,Prakash Bansal,47,1460000.0,26,Bhopal,Marketing,3.8
505,Sunita Tiwari,28,917000.0,7,Ahmedabad,Sales,4
506,Nisha Bansal,43,1466000.0,22,Indore,IT,4.2
507,Pankaj Kapoor,27,1132000.0,6,Patna,IT,3.5
508,Harsh Mehta,36,1541000.0,14,Indore,Management,4.3
509,Ajay Saxena,32,870000.0,8,Bangalore,Sales,4.1
510,Shweta Kumar,32,1142000.0,9,Hyderabad,IT,5
511,Bhavna Pandey,29,735000.0,7,Jaipur,Operations,4.1
512,Priya Patil,54,1586000.0,30,Kochi,Operations,4.9
513,Ajay Sinha,47,1381000.0,25,Bhopal,HR,4.4
514,Rahul Yadav,47,1630000.0,26,Indore,IT,4
515,Priya Mishra,29,914000.0,7,Kolkata,IT,3.8
516,Simran Agarwal,24,658000.0,3,Mumbai,HR,3.7
517,Deepak Kapoor,35,1331000.0,13,Mumbai,Management,4.3
518,Manoj Mishra,40,1086000.0,17,Noida,Marketing,4.3
519,Geeta Mishra,43,1153000.0,20,Chandigarh,HR,4.9
520,Nitin Reddy,37,1154000.0,16,Gurgaon,Marketing,4.1
521,Ritu Malhotra,38,1146000.0,14,Patna,Marketing,4.4
522,Ravi Malhotra,26,1084000.0,2,Chandigarh,Management,3.4
523,Harsh Iyer,33,1013000.0,11,Nagpur,Finance,3.7
524,Vishal Khanna,43,1822000.0,21,Jaipur,Management,4.4
525,Vikram Jain,25,760000.0,1,Kochi,IT,4.7
526,Harsh Kapoor,35,1241000.0,13,Jaipur,Sales,4.3
527,Sanjay Malhotra,35,1065000.0,14,Kanpur,Sales,4.2
528,Karan Gupta,32,972000.0,9,Noida,Sales,4.6
529,Meera Yadav,27,669000.0,5,Pune,Sales,3.2
530,Kiran Patil,38,1057000.0,17,Pune,HR,3
531,Neha Tiwari,37,1204000.0,13,Noida,HR,4.1
532,Bhavna Menon,40,1287000.0,18,Lucknow,Marketing,4.1
533,Aarti Saxena,41,1307000.0,18,Ahmedabad,Finance,4.2
534,Mohit Saxena,36,1472000.0,15,Patna,Management,4.6
535,Geeta Menon,32,-990000.0,inf,Lucknow,Finance,4.4
536,Ankit Chauhan,26,742000.0,4,Chennai,Operations,4.1
537,Rakesh Menon,42,1368000.0,18,Chennai,Finance,4.1
538,Deepak Joshi,40,1341000.0,18,Kochi,Sales,4.4
539,Kiran Reddy,34,845000.0,10,Patna,Operations,3.6
540,Ravi Mehta,31,NaN,9,Kochi,Operations,4
541,Vishal Malhotra,34,1147000.0,13,Mumbai,Marketing,4.1
542,Meera Sinha,37,1565000.0,16,Delhi,Management,3.1
543,Deepak Verma,26,878000.0,4,NaN,IT,3.5
544,Vivek Gupta,38,1212000.0,14,Patna,Operations,NaN
545,Vishal Kapoor,32,1149000.0,8,Delhi,IT,4.2
546,Rahul Kapoor,31,981000.0,8,Chandigarh,IT,3.9
547,Renu Jain,30,1044000.0,8,Kolkata,IT,4.2
548,Gaurav Yadav,34,1420000.0,11,Kanpur,Management,4.7
549,Kunal Verma,41,1111000.0,18,Bhopal,Sales,2.8
550,Preeti Patil,41,-1191000.0,20,Mumbai,Operations,4
551,Ajay Joshi,24,606000.0,0,Delhi,IT,4.4
552,Swati Khanna,40,1114000.0,16,Lucknow,Operations,2.8
553,Anjali Bhatt,29,861000.0,8,Pune,HR,3.4
554,Tanvi Khanna,35,1169000.0,12,Bangalore,IT,4.4
555,Shalini Bhatt,34,927000.0,13,Lucknow,HR,4.7
556,Suresh Bansal,32,inf,10,Nagpur,Management,3.6
557,Sunita Mehta,30,859000.0,8,Nagpur,Marketing,4
558,Shweta Nair,47,1695000.0,23,Chennai,Management,3.3
559,Swati Pandey,45,NaN,22,Kolkata,IT,3.8
560,Pankaj Nair,42,1582000.0,18,Lucknow,Management,5
561,Rahul Jain,39,1086000.0,15,Jaipur,Sales,5
562,Ajay Iyer,29,904000.0,NaN,Gurgaon,Operations,4.2
563,Swati Agrawal,44,inf,21,Jaipur,Management,NaN
564,Swati Reddy,27,812000.0,5,Chennai,Sales,3.8
565,Geeta Desai,50,1776000.0,29,Delhi,IT,3.9
566,Simran Desai,35,1062000.0,12,Chennai,IT,3.6
567,Aditya Saxena,43,1362000.0,19,Delhi,IT,3.6
568,Rakesh Verma,38,1620000.0,15,Nagpur,Management,4.5
569,Harsh Joshi,41,1239000.0,20,Kochi,Operations,3.4
570,Kavya Bansal,46,1414000.0,24,NaN,Operations,4
571,Rahul Patil,44,1379000.0,21,Chennai,Sales,4.3
572,Aditya Reddy,51,1594000.0,27,Patna,Finance,4.6
573,Payal Reddy,34,NaN,12,Patna,Operations,NaN
574,Sonia Saxena,38,1188000.0,17,Surat,HR,4.6
575,Kunal Nair,31,1178000.0,7,Lucknow,Management,3.6
576,Aditya Sinha,21,864000.0,0,Lucknow,Finance,3.5
577,Sonia Khanna,32,843000.0,9,Nagpur,HR,4.3
578,Rekha Tiwari,40,inf,16,Jaipur,Marketing,3.8
579,Rahul Sinha,32,1003000.0,8,Kolkata,Finance,4
580,Sonia Bansal,46,1479000.0,24,Kochi,Operations,4.5
581,Prakash Rao,39,1289000.0,17,Surat,Sales,4.2
582,Meera Sinha,23,632000.0,0,Patna,Operations,3.8
583,Nitin Mishra,29,857000.0,6,Chennai,Operations,4.7
584,Aarti Verma,34,1025000.0,10,Patna,Marketing,5
585,Shweta Pandey,35,1243000.0,11,Mumbai,Marketing,4.4
586,Payal Rao,21,810000.0,0,Jaipur,IT,4.3
587,Suman Mehta,44,1509000.0,23,Nagpur,Marketing,4
588,Kiran Jain,24,NaN,0,Delhi,IT,3.7
589,Deepak Pandey,29,892000.0,7,Kanpur,Sales,4.9
590,Puneet Rao,37,1129000.0,15,Delhi,Finance,4.3
591,Manoj Iyer,43,1471000.0,22,Chennai,IT,4
592,Sanjay Saxena,34,1007000.0,12,Patna,Marketing,4.4
593,Vinod Saxena,33,1049000.0,NaN,Bangalore,Finance,3.7
594,Manish Sharma,30,903000.0,7,Kolkata,Operations,3.9
595,Divya Menon,47,1493000.0,25,Hyderabad,Marketing,4.2
596,Kiran Kapoor,41,1082000.0,17,Jaipur,Sales,3.2
597,Ritu Mehta,21,701000.0,0,Delhi,Sales,3.8
598,Sonia Saxena,54,1605000.0,NaN,Delhi,Sales,4.2
599,Nisha Reddy,46,1685000.0,25,NaN,Marketing,5
600,Shweta Mehta,43,NaN,20,Pune,Finance,4.4
601,Ashish Chopra,40,1166000.0,16,Lucknow,Marketing,3.7
602,Alka Joshi,33,1106000.0,12,Kanpur,Finance,3.9
603,Alka Mehta,39,1286000.0,16,Gurgaon,Marketing,4.1
604,Rohit Nair,45,1299000.0,24,Surat,HR,4
605,Vivek Rao,28,711000.0,6,Nagpur,Marketing,4.1
606,Rohit Bansal,33,NaN,9,Hyderabad,Sales,4.4
607,Vishal Rao,25,903000.0,3,Hyderabad,Marketing,4.7
608,Rohit Mehta,38,1507000.0,15,Bhopal,Management,3.6
609,Suman Sharma,31,882000.0,7,Pune,HR,5
610,Komal Pandey,46,1331000.0,22,Patna,Sales,3.5
611,Naveen Khanna,35,1064000.0,13,Gurgaon,IT,4.3
612,Deepak Patil,32,1048000.0,11,Jaipur,Finance,3.3
613,Arjun Agrawal,38,1097000.0,14,Patna,Marketing,3.5
614,Manish Bansal,21,698000.0,NaN,Kochi,Finance,5
615,Payal Kapoor,47,1873000.0,26,Bhopal,Management,3.8
616,Aditya Singh,37,1145000.0,15,NaN,Finance,4.3
617,Ravi Chauhan,40,1363000.0,19,Kolkata,Sales,4
618,Kavya Yadav,32,1245000.0,9,Noida,Management,3.7
619,Divya Agarwal,32,1379000.0,10,Pune,Management,4.6
620,Deepika Bansal,27,909000.0,inf,Ahmedabad,Marketing,4
621,Divya Nair,33,990000.0,10,Gurgaon,Finance,2.9
622,Tarun Bhatt,41,1309000.0,20,Indore,HR,4
623,Shalini Chauhan,34,1061000.0,12,Chennai,Operations,3.3
624,Anil Sinha,29,1309000.0,7,Nagpur,Management,3.5
625,Ankit Malhotra,36,946000.0,13,Indore,Operations,4.3
626,Pankaj Malhotra,33,891000.0,12,Chandigarh,Sales,4.7
627,Payal Saxena,28,775000.0,4,Gurgaon,Finance,4.2
628,Ramesh Tiwari,43,1184000.0,19,Kanpur,Operations,4.1
629,Shweta Joshi,37,1180000.0,NaN,Pune,Sales,4.2
630,Anil Sinha,31,914000.0,8,Kochi,Finance,4.1
631,Tanvi Chauhan,25,801000.0,1,Lucknow,Management,4.3
632,Deepika Gupta,41,1111000.0,20,Bhopal,Operations,3.6
633,Arjun Saxena,38,1405000.0,14,Indore,IT,4.1
634,Rohit Bhatt,28,-710000.0,5,Ahmedabad,HR,4.8
635,Vivek Reddy,28,881000.0,7,Hyderabad,Finance,NaN
636,Nitin Tiwari,26,750000.0,4,Bangalore,Sales,4.9
637,Riya Yadav,36,1150000.0,12,Chennai,IT,4
638,Nidhi Chopra,21,821000.0,0,Delhi,IT,4.1
639,Neha Chauhan,32,1135000.0,8,Chennai,Operations,4.2
640,Deepak Joshi,27,776000.0,6,Kolkata,Operations,4.7
641,Vivek Bhatt,34,820000.0,11,Nagpur,HR,4.6
642,Pooja Malhotra,28,1110000.0,6,Chandigarh,IT,4.6
643,Alka Malhotra,30,982000.0,8,Kanpur,Sales,NaN
644,Anita Menon,40,1249000.0,16,Bhopal,Marketing,3.7
645,Swati Bhatt,28,877000.0,7,Kolkata,HR,3.9
646,Aarti Desai,30,834000.0,6,Chennai,Finance,4.3
647,Ramesh Mishra,50,1860000.0,27,Delhi,Management,4.1
648,Sunita Yadav,45,1399000.0,23,Nagpur,Operations,4.3
649,Alok Jain,25,739000.0,3,Nagpur,Sales,4
650,Mohit Malhotra,41,NaN,20,Delhi,Marketing,5
651,Geeta Kumar,38,1516000.0,14,Gurgaon,Management,4.2
652,Vishal Chopra,31,1342000.0,9,Patna,Management,4
653,Meera Sharma,35,1345000.0,14,Ahmedabad,IT,3.6
654,Alok Jain,43,1420000.0,19,Surat,Marketing,4
655,Vandana Agrawal,21,551000.0,0,Nagpur,Sales,4.7
656,Vishal Kapoor,33,1005000.0,11,Bangalore,Finance,3.8
657,Tarun Menon,40,1674000.0,18,Chennai,Management,NaN
658,Kunal Bansal,31,1019000.0,10,Indore,Finance,3.6
659,Kavya Gupta,46,NaN,24,Indore,IT,4.7
660,Abhishek Agarwal,46,1655000.0,25,Hyderabad,Finance,3.9
661,Rohit Rao,37,1108000.0,16,Patna,HR,NaN
662,Nidhi Pandey,36,911000.0,13,Kanpur,HR,4.7
663,Rahul Tiwari,30,1331000.0,9,Delhi,Management,4.2
664,Aditya Reddy,31,-1097000.0,10,Gurgaon,Finance,3.9
665,Jyoti Saxena,40,1237000.0,17,Patna,IT,4.2
666,Divya Desai,49,1565000.0,27,NaN,Finance,3.8
667,Neha Mishra,38,1359000.0,17,Delhi,IT,4.3
668,Yogesh Desai,37,1056000.0,13,Hyderabad,HR,4.7
669,Kavita Kapoor,37,986000.0,13,Lucknow,HR,NaN
670,Anil Reddy,49,1619000.0,28,Kanpur,Marketing,3.6
671,Alok Mehta,42,1690000.0,20,Chandigarh,Management,3
672,Bhavna Verma,40,1517000.0,16,Surat,Management,4.1
673,Sunita Nair,36,1190000.0,15,Bhopal,Marketing,4.5
674,Karan Patil,30,886000.0,7,Noida,Operations,4
675,Vivek Bansal,39,1574000.0,NaN,Pune,Management,3.6
676,Shweta Agrawal,42,1207000.0,20,Delhi,HR,4.5
677,Priya Mishra,36,1202000.0,13,Delhi,Operations,4
678,Riya Agrawal,31,NaN,7,Surat,Management,3.9
679,Sandeep Mishra,40,1031000.0,16,Mumbai,Sales,3.6
680,Anita Rao,25,896000.0,2,Mumbai,IT,5
681,Nidhi Iyer,33,936000.0,10,Bangalore,Sales,4.1
682,Vandana Kumar,43,1341000.0,19,Gurgaon,IT,4.2
683,Renu Chopra,41,1255000.0,19,Surat,HR,4.2
684,Anil Menon,42,1014000.0,18,Lucknow,Operations,4.4
685,Rahul Mishra,28,649000.0,7,Chennai,HR,4.4
686,Radhika Singh,44,1509000.0,22,Hyderabad,IT,4.6
687,Anil Iyer,46,1630000.0,25,Kanpur,Marketing,4.9
688,Nisha Saxena,39,inf,16,Ahmedabad,Sales,3.3
689,Swati Mehta,32,1248000.0,9,Noida,Management,5
690,Anil Kumar,32,995000.0,NaN,Jaipur,Operations,4.4
691,Bhavna Pandey,34,1191000.0,13,Surat,Operations,3.8
692,Sameer Sharma,35,1326000.0,11,Bhopal,Management,3.4
693,Komal Mishra,29,877000.0,NaN,Kolkata,Sales,3.9
694,Pooja Singh,28,inf,7,Jaipur,IT,4.1
695,Kunal Desai,21,711000.0,0,Gurgaon,Marketing,4.1
696,Pankaj Sharma,22,560000.0,1,Bhopal,HR,3.7
697,Swati Bhatt,36,1312000.0,13,Mumbai,IT,3.2
698,Deepika Mehta,34,1337000.0,10,Nagpur,Management,4.4
699,Ajay Chopra,35,875000.0,11,Kanpur,HR,3.9
700,Sameer Reddy,27,826000.0,4,Chennai,Sales,4.1
701,Abhishek Agarwal,49,inf,NaN,Surat,Operations,3.7
702,Rakesh Khanna,21,NaN,0,Ahmedabad,IT,3.3
703,Harsh Yadav,36,1131000.0,14,Kochi,Operations,3.3
704,Aarti Jain,41,1191000.0,18,Kochi,Sales,4.2
705,Suman Menon,46,1477000.0,23,Ahmedabad,Sales,4
706,Anil Agarwal,26,718000.0,4,Ahmedabad,IT,3.7
707,Yogesh Pandey,32,1236000.0,9,Gurgaon,Management,4
708,Divya Singh,34,1002000.0,12,NaN,Operations,3.8
709,Alok Agrawal,35,-1140000.0,13,Nagpur,Marketing,3.6
710,Sameer Mehta,45,1447000.0,23,Lucknow,Marketing,4.1
711,Suman Menon,39,1249000.0,18,Kanpur,Operations,4.6
712,Tanvi Kumar,36,1441000.0,14,Patna,Management,4.3
713,Sameer Khanna,24,864000.0,3,Mumbai,IT,4.1
714,Deepak Sharma,32,1020000.0,8,Lucknow,IT,3.2
715,Sonia Jain,29,952000.0,7,Hyderabad,Finance,4.2
716,Geeta Gupta,25,791000.0,4,Gurgaon,HR,3.7
717,Anita Agrawal,41,1734000.0,20,Chandigarh,Management,3.8
718,Meera Desai,48,1395000.0,24,Kolkata,Marketing,4.6
719,Anil Kumar,42,1246000.0,20,Indore,Operations,4.8
720,Jyoti Malhotra,31,853000.0,8,Kochi,HR,4.2
721,Alka Jain,32,NaN,9,Gurgaon,HR,4.5
722,Aarti Patil,21,654000.0,NaN,Hyderabad,HR,3.3
723,Tanvi Joshi,42,1375000.0,21,Noida,HR,3.6
724,Abhishek Mishra,30,827000.0,9,Chennai,Sales,4
725,Pankaj Mishra,31,1042000.0,8,Hyderabad,Finance,NaN
726,Swati Sinha,45,1325000.0,22,Delhi,Sales,4
727,Gaurav Rao,21,636000.0,0,Ahmedabad,Finance,4.6
728,Riya Gupta,46,1271000.0,22,Indore,Sales,3.8
729,Manisha Khanna,33,1037000.0,9,Kochi,Finance,3.7
730,Yogesh Jain,37,1037000.0,15,Bhopal,HR,4.1
731,Sunil Patil,38,1296000.0,17,Ahmedabad,Finance,3.9
732,Meera Nair,33,978000.0,11,Hyderabad,Sales,3.9
733,Komal Bhatt,31,1178000.0,NaN,Noida,Finance,4.4
734,Pallavi Rao,31,1006000.0,10,Hyderabad,Sales,3.9
735,Renu Mehta,43,1550000.0,22,Lucknow,IT,4
736,Karan Iyer,37,964000.0,14,Surat,Operations,3.5
737,Vinod Gupta,24,661000.0,0,Kochi,Marketing,5
738,Anita Gupta,51,-1781000.0,28,Indore,IT,4.4
739,Varun Khanna,21,707000.0,0,Delhi,IT,3.7
740,Manoj Verma,29,1162000.0,5,Kolkata,Management,3.9
741,Kunal Khanna,21,660000.0,0,Ahmedabad,Operations,3.6
742,Vishal Joshi,35,1321000.0,13,Nagpur,Finance,3.6
743,Naveen Gupta,21,577000.0,0,Bhopal,Sales,4.7
744,Rahul Bansal,49,1432000.0,28,Kolkata,HR,4.3
745,Ravi Jain,30,1202000.0,6,Gurgaon,Management,5
746,Alok Sinha,21,1020000.0,0,Chandigarh,Management,4.3
747,Vishal Chopra,42,1288000.0,18,Jaipur,Marketing,4.3
748,Ramesh Joshi,30,987000.0,9,Gurgaon,Marketing,3.9
749,Tanvi Chopra,38,1280000.0,16,Bhopal,IT,4.3
750,Arjun Yadav,33,1025000.0,11,Mumbai,HR,4.1
751,Aditya Yadav,21,1101000.0,0,Noida,Management,3.6
752,Pankaj Verma,28,742000.0,4,Nagpur,Marketing,4.8
753,Shalini Pandey,21,1251000.0,NaN,Delhi,Management,4.6
754,Alka Bansal,35,1131000.0,11,Indore,IT,4.2
755,Ankit Bansal,38,-1397000.0,17,Gurgaon,IT,4.4
756,Rekha Chauhan,34,969000.0,11,Ahmedabad,Sales,4
757,Mohit Bansal,32,1121000.0,8,Hyderabad,IT,4.4
758,Vikram Agarwal,21,802000.0,0,Nagpur,IT,4.2
759,Kiran Rao,33,NaN,11,Patna,IT,4.7
760,Payal Sharma,41,inf,18,Surat,Management,4.3
761,Mohit Chauhan,26,1065000.0,5,Jaipur,Management,3.8
762,Naveen Agrawal,40,1371000.0,17,Indore,Finance,4.4
763,Swati Yadav,39,1116000.0,15,Indore,HR,3.8
764,Nidhi Chauhan,37,1554000.0,14,Mumbai,Management,4.5
765,Arjun Verma,43,1357000.0,20,Chandigarh,Operations,4.3
766,Sandeep Bhatt,42,1283000.0,21,Pune,HR,3.7
767,Sonia Sinha,32,875000.0,11,Mumbai,HR,3.8
768,Vivek Rao,32,987000.0,10,Kanpur,Finance,3.9
769,Vandana Joshi,21,617000.0,0,Delhi,Operations,4.1
770,Mohit Agarwal,27,708000.0,3,Patna,HR,4.6
771,Suman Desai,21,939000.0,0,Ahmedabad,Management,3.7
772,Swati Patil,26,841000.0,5,Mumbai,Sales,4
773,Ankit Agrawal,31,1155000.0,9,Jaipur,Management,4.4
774,Nisha Reddy,24,655000.0,NaN,Delhi,Marketing,4.2
775,Riya Khanna,44,1265000.0,22,Hyderabad,Operations,2.6
776,Riya Mishra,35,1214000.0,12,Surat,Marketing,4.7
777,Shalini Iyer,35,1346000.0,11,Kanpur,Management,4.5
778,Suresh Saxena,26,743000.0,3,Chandigarh,Operations,4.4
779,Bhavna Bansal,42,1706000.0,21,Chandigarh,IT,4.3
780,Payal Kapoor,29,908000.0,6,Kolkata,Finance,3.2
781,Sanjay Reddy,28,1142000.0,5,Ahmedabad,Management,3.8
782,Nitin Yadav,35,1039000.0,13,Jaipur,Marketing,4.7
783,Charu Joshi,34,984000.0,11,Chennai,Operations,3.9
784,Jyoti Patil,35,1086000.0,12,Nagpur,Sales,3.7
785,Sunil Bansal,28,886000.0,6,Jaipur,Finance,3.4
786,Pallavi Menon,27,752000.0,inf,Surat,Marketing,4.5
787,Komal Mehta,36,1220000.0,NaN,Patna,IT,4.5
788,Ashish Tiwari,32,981000.0,10,Lucknow,Operations,4
789,Preeti Desai,36,1043000.0,14,Surat,Operations,2.9
790,Sanjay Desai,32,1079000.0,9,Surat,Marketing,4.6
791,Manish Khanna,41,1799000.0,20,Gurgaon,Management,4.1
792,Alka Verma,35,886000.0,11,Chandigarh,HR,3.9
793,Ajay Pandey,38,1221000.0,15,Mumbai,Sales,4
794,Anita Kumar,30,980000.0,8,Indore,Finance,4.4
795,Isha Kumar,22,816000.0,0,Hyderabad,Management,3.8
796,Jyoti Nair,24,729000.0,2,Mumbai,Finance,4
797,Rahul Yadav,30,1046000.0,8,Hyderabad,Marketing,4.3
798,Ramesh Kumar,36,1070000.0,12,Indore,Operations,3.5
799,Yogesh Joshi,42,NaN,21,Kochi,IT,4.4
800,Vivek Sharma,25,946000.0,2,Chandigarh,Management,4.5
801,Amit Malhotra,37,1003000.0,15,Kanpur,HR,3.7
802,Vinod Joshi,43,1155000.0,20,Bangalore,HR,NaN
803,Sunita Patil,26,721000.0,2,Chandigarh,Operations,3.9
804,Kiran Iyer,38,1216000.0,16,Patna,Finance,4
805,Karan Mehta,34,1020000.0,10,Jaipur,IT,4.5
806,Rohit Yadav,29,912000.0,8,Chandigarh,Marketing,3.6
807,Vivek Rao,21,585000.0,0,NaN,Sales,5
808,Alka Gupta,40,1263000.0,19,Kolkata,Operations,4
809,Priya Gupta,34,NaN,13,Bhopal,Sales,3.5
810,Rakesh Reddy,42,1287000.0,18,Chennai,Operations,4.5
811,Amit Patil,37,1057000.0,NaN,Kolkata,Operations,4.4
812,Shalini Agarwal,38,1132000.0,16,Kolkata,Sales,3.8
813,Abhishek Singh,34,1259000.0,11,Kolkata,IT,3.5
814,Varun Yadav,22,1013000.0,0,Chandigarh,Management,4.1
815,Suman Rao,35,1105000.0,11,Hyderabad,Finance,4
816,Mohit Menon,45,1277000.0,23,Patna,Operations,3.7
817,Amit Sharma,33,1039000.0,12,Gurgaon,IT,4
818,Anita Verma,47,inf,inf,Kolkata,Operations,4.2
819,Preeti Saxena,23,651000.0,0,Bhopal,Finance,NaN
820,Sameer Chauhan,31,1453000.0,10,Surat,Management,4.4
821,Anil Iyer,25,910000.0,4,Mumbai,IT,4.3
822,Rohit Chopra,43,1561000.0,NaN,Kanpur,Finance,3.6
823,Alka Reddy,27,809000.0,6,Lucknow,Finance,4
824,Kunal Joshi,37,1234000.0,13,Nagpur,Finance,NaN
825,Pallavi Jain,31,857000.0,7,Hyderabad,Operations,3.7
826,Alok Chauhan,50,1601000.0,28,Indore,IT,4.2
827,Pallavi Jain,50,1461000.0,26,Noida,HR,4
828,Ravi Agarwal,31,1336000.0,10,Chennai,Management,4.8
829,Mohit Singh,21,723000.0,0,Mumbai,Sales,3.4
830,Anil Sharma,31,881000.0,9,Lucknow,Operations,4.4
831,Abhishek Singh,21,637000.0,0,Jaipur,Operations,5
832,Ajay Kumar,23,835000.0,2,Hyderabad,IT,3.8
833,Yogesh Chauhan,37,1457000.0,13,Hyderabad,Management,3.8
834,Mohit Nair,37,1369000.0,inf,Ahmedabad,Finance,4
835,Deepak Kapoor,39,1022000.0,15,Jaipur,Sales,3.6
836,Naveen Jain,37,1324000.0,13,Patna,IT,4.3
837,Manish Khanna,31,1100000.0,10,Nagpur,IT,3.5
838,Rakesh Kapoor,38,1666000.0,17,Bangalore,Management,3.9
839,Alka Malhotra,30,916000.0,7,Kochi,Marketing,3.9
840,Prakash Nair,33,1518000.0,10,Mumbai,Management,4
841,Isha Nair,31,793000.0,7,Kanpur,Operations,4.5
842,Neha Singh,32,inf,10,Lucknow,IT,4.8
843,Manoj Kapoor,45,1322000.0,22,Kolkata,Operations,3.2
844,Arjun Khanna,42,1645000.0,20,Indore,Management,4.5
845,Abhishek Yadav,21,821000.0,0,Nagpur,IT,3.5
846,Karan Rao,39,1311000.0,16,Indore,IT,3.6
847,Puneet Singh,30,865000.0,6,Gurgaon,Sales,NaN
848,Pooja Khanna,38,1403000.0,17,Mumbai,Marketing,3.3
849,Renu Sinha,46,1428000.0,22,Hyderabad,Marketing,3.7
850,Ritu Tiwari,23,NaN,1,Nagpur,IT,4.6
851,Charu Bhatt,32,1086000.0,9,Nagpur,Marketing,3.4
852,Varun Menon,33,985000.0,11,Nagpur,Finance,4.3
853,Rekha Saxena,41,1181000.0,19,Indore,HR,2.8
854,Vandana Patil,35,1055000.0,12,Kochi,Operations,NaN
855,Sonia Yadav,43,1214000.0,20,Kanpur,Operations,4.4
856,Pooja Rao,43,1243000.0,21,Kochi,Marketing,4.3
857,Geeta Rao,29,1273000.0,8,Kanpur,Management,4.3
858,Radhika Bansal,30,756000.0,6,Kochi,Operations,4.1
859,Aditya Jain,25,703000.0,4,Kolkata,Marketing,4.4
860,Vikram Gupta,24,708000.0,3,Ahmedabad,HR,4.3
861,Divya Patil,21,496000.0,0,Mumbai,HR,4.7
862,Rekha Yadav,26,-838000.0,5,Bhopal,Finance,4.3
863,Rakesh Chauhan,40,1210000.0,18,Kochi,Operations,3.8
864,Tarun Jain,45,1509000.0,22,Mumbai,Operations,4.6
865,Aarti Iyer,34,970000.0,11,Mumbai,Marketing,3.7
866,Ashish Yadav,38,1523000.0,14,Jaipur,Management,4.8
867,Payal Agrawal,39,1475000.0,17,Pune,Management,4.6
868,Sameer Chopra,26,694000.0,5,Hyderabad,HR,4.2
869,Neha Joshi,49,1829000.0,28,NaN,Sales,4.4
870,Pooja Mehta,32,1108000.0,9,Lucknow,IT,4.5
871,Vikram Gupta,31,1159000.0,9,Noida,Finance,4.2
872,Abhishek Sinha,37,1143000.0,14,Gurgaon,Sales,4.3
873,Meera Jain,40,1196000.0,17,Jaipur,Marketing,3.8
874,Nidhi Verma,25,740000.0,3,Kochi,Sales,4.5
875,Ramesh Desai,37,1209000.0,15,Lucknow,HR,4.1
876,Manoj Yadav,39,1088000.0,15,Delhi,Marketing,3.9
877,Ravi Saxena,39,1263000.0,17,Noida,Operations,4
878,Kavya Gupta,33,829000.0,10,Kolkata,Sales,3.9
879,Vishal Tiwari,41,1426000.0,18,Chandigarh,IT,4.4
880,Payal Pandey,34,NaN,10,Mumbai,Sales,3.8
881,Karan Nair,39,1414000.0,18,Hyderabad,IT,4.3
882,Shweta Kapoor,29,708000.0,8,Bangalore,Operations,4.6
883,Suresh Chauhan,30,1141000.0,6,Kolkata,Management,4.4
884,Aditya Malhotra,30,1000000.0,9,Chennai,Operations,4.4
885,Sanjay Gupta,39,1271000.0,18,Mumbai,IT,4.7
886,Ashish Kapoor,36,1145000.0,15,NaN,Marketing,4.2
887,Manisha Joshi,21,633000.0,0,Nagpur,Operations,3.6
888,Rajesh Joshi,23,598000.0,2,Delhi,Marketing,4.7
889,Alka Verma,28,968000.0,7,Bangalore,Operations,3.8
890,Tarun Singh,21,NaN,0,Surat,Management,4.7
891,Rekha Agrawal,32,836000.0,8,Nagpur,Sales,4.2
892,Priya Khanna,38,1299000.0,16,Jaipur,Marketing,4.8
893,Kunal Jain,31,774000.0,8,Chennai,Operations,3.9
894,Vivek Sharma,36,1163000.0,inf,Mumbai,IT,3.6
895,Varun Joshi,36,1221000.0,15,Pune,Finance,4.1
896,Suman Yadav,27,687000.0,3,Chandigarh,Operations,3.6
897,Sameer Mishra,41,1263000.0,18,Kolkata,HR,3.2
898,Ankit Chauhan,26,1055000.0,5,Kochi,Management,3.8
899,Rakesh Verma,33,834000.0,10,Bangalore,Operations,3.6
900,Karan Tiwari,25,752000.0,inf,Kanpur,Finance,4.1
901,Gaurav Singh,28,NaN,5,Bangalore,Marketing,3.8
902,Geeta Khanna,31,NaN,7,Noida,Finance,4.8
903,Radhika Kumar,23,1066000.0,0,Lucknow,Management,NaN
904,Divya Sharma,24,NaN,1,Jaipur,HR,4.9
905,Renu Reddy,25,547000.0,2,Lucknow,HR,4.6
906,Isha Saxena,36,inf,13,Surat,Management,4.3
907,Vinod Mehta,37,NaN,16,Ahmedabad,Management,4.6
908,Pooja Bhatt,43,1417000.0,21,Bangalore,Finance,4.1
909,Priya Chauhan,21,1041000.0,0,Gurgaon,Management,4.4
910,Radhika Yadav,33,1160000.0,12,Ahmedabad,Marketing,3.9
911,Vishal Khanna,38,1178000.0,16,Nagpur,Finance,4.1
912,Puneet Tiwari,32,883000.0,inf,Bhopal,HR,3.9
913,Ramesh Joshi,32,1031000.0,NaN,Delhi,Marketing,3.9
914,Alka Chopra,21,1140000.0,0,Chandigarh,Management,4.8
915,Arjun Mehta,23,690000.0,1,Patna,Operations,3.8
916,Kavita Mishra,36,994000.0,12,NaN,HR,4
917,Deepak Gupta,27,770000.0,5,Kanpur,Marketing,3.6
918,Prakash Bhatt,27,955000.0,6,Lucknow,IT,3.7
919,Sandeep Malhotra,39,1679000.0,16,Ahmedabad,Management,3.8
920,Tanvi Mehta,35,1025000.0,11,Nagpur,Operations,4.3
921,Pankaj Pandey,34,1044000.0,NaN,Jaipur,Sales,4.3
922,Ravi Sinha,24,705000.0,1,Patna,Sales,4.5
923,Riya Pandey,27,778000.0,5,Hyderabad,Sales,4.4
924,Tarun Malhotra,32,951000.0,9,Chennai,HR,5
925,Vivek Agarwal,27,700000.0,6,Jaipur,Operations,4.3
926,Sanjay Tiwari,39,1212000.0,18,Patna,Sales,4.8
927,Puneet Mehta,23,805000.0,0,Jaipur,IT,3.8
928,Ankit Bansal,47,1584000.0,inf,Chandigarh,HR,3.7
929,Ankit Kumar,29,899000.0,8,Ahmedabad,HR,3.9
930,Nidhi Joshi,33,1022000.0,12,Surat,Operations,3.1
931,Nisha Saxena,33,1260000.0,9,Patna,Management,3.9
932,Harsh Agarwal,45,inf,23,Gurgaon,Management,4.5
933,Ritu Agarwal,31,808000.0,8,Lucknow,HR,4.5
934,Charu Bansal,36,1121000.0,15,Nagpur,HR,4.6
935,Vinod Sharma,31,916000.0,9,Chandigarh,Marketing,3.6
936,Anita Agarwal,27,996000.0,6,Patna,HR,4.7
937,Charu Gupta,23,714000.0,2,NaN,IT,4.3
938,Charu Kapoor,38,1639000.0,17,Indore,Management,4
939,Vivek Chauhan,32,1011000.0,11,Chandigarh,Operations,4.1
940,Yogesh Jain,21,682000.0,0,Gurgaon,Finance,3.7
941,Tanvi Singh,35,1174000.0,11,Ahmedabad,HR,4.3
942,Deepak Menon,31,1124000.0,10,Noida,Finance,4.3
943,Manisha Reddy,37,1324000.0,15,Delhi,IT,5
944,Neha Pandey,24,743000.0,3,Pune,Sales,3.6
945,Geeta Iyer,38,1202000.0,15,Chennai,IT,3.9
946,Puneet Reddy,31,1358000.0,8,Kochi,Management,4.6
947,Vivek Agarwal,24,639000.0,1,Nagpur,Operations,3.7
948,Manisha Kapoor,23,533000.0,0,Kanpur,HR,3.9
949,Pallavi Reddy,53,-1735000.0,30,Kanpur,Marketing,3.4
950,Bhavna Tiwari,29,NaN,NaN,Kolkata,Management,5
951,Simran Jain,21,600000.0,0,Pune,IT,5
952,Sanjay Jain,37,1041000.0,16,Nagpur,HR,4.4
953,Riya Jain,21,1000000.0,0,Chennai,Management,4.3
954,Varun Iyer,41,1369000.0,20,Ahmedabad,IT,4.1
955,Ramesh Agarwal,26,795000.0,NaN,NaN,Operations,3.7
956,Bhavna Agarwal,30,765000.0,7,Noida,Operations,4.4
957,Sameer Malhotra,40,1141000.0,16,Delhi,Sales,4.1
958,Sandeep Patil,22,726000.0,0,Noida,IT,4.1
959,Deepak Agarwal,54,1631000.0,32,Mumbai,Operations,4.8
960,Amit Mehta,41,1422000.0,20,Nagpur,Finance,NaN
961,Kunal Joshi,36,1171000.0,14,Delhi,Marketing,4.1
962,Meera Menon,43,1508000.0,22,Surat,Marketing,3.8
963,Komal Menon,23,684000.0,0,Ahmedabad,Finance,3.7
964,Karan Saxena,33,1064000.0,9,Delhi,Marketing,NaN
965,Harsh Pandey,33,NaN,12,Bangalore,Marketing,4.5
966,Sanjay Singh,21,601000.0,0,Gurgaon,Marketing,4.2
967,Naveen Joshi,43,1626000.0,19,Jaipur,Management,3.2
968,Isha Chopra,38,1089000.0,14,Delhi,Marketing,3.5
969,Ashish Verma,29,760000.0,5,Jaipur,Operations,3.8
970,Preeti Jain,21,672000.0,inf,Kanpur,Sales,4.7
971,Amit Rao,39,1019000.0,16,Surat,HR,4
972,Sanjay Verma,33,1033000.0,11,Lucknow,Sales,4.4
973,Ankit Reddy,28,817000.0,6,Pune,Operations,4.3
974,Karan Mishra,45,1861000.0,23,Ahmedabad,Management,4.5
975,Karan Sinha,34,1533000.0,12,Noida,Management,4.3
976,Vinod Singh,27,922000.0,6,Patna,Operations,4.4
977,Shweta Gupta,30,872000.0,6,Noida,Finance,4.2
978,Ankit Chauhan,37,1106000.0,14,Hyderabad,Sales,4.3
979,Vandana Reddy,47,1441000.0,23,Gurgaon,HR,4.2
980,Sandeep Jain,41,1112000.0,inf,Kochi,Sales,4.3
981,Ravi Joshi,48,1493000.0,26,Kolkata,Sales,3.7
982,Isha Nair,28,908000.0,7,Pune,IT,3.7
983,Vinod Nair,31,818000.0,inf,Ahmedabad,Marketing,4.1
984,Ashish Mishra,41,1157000.0,18,Noida,Sales,4.9
985,Sameer Khanna,38,1122000.0,14,Indore,HR,3.8
986,Payal Desai,40,1173000.0,16,Bhopal,Finance,4.5
987,Rohit Bansal,35,1499000.0,13,Kolkata,Management,3.5
988,Kavya Kapoor,26,NaN,2,Nagpur,Management,3.6
989,Vikram Khanna,37,1001000.0,16,Indore,HR,4.5
990,Sandeep Kapoor,24,1079000.0,1,NaN,Management,4.4
991,Rakesh Chauhan,28,892000.0,7,Kolkata,Sales,4.2
992,Deepika Yadav,29,729000.0,6,Kolkata,Sales,3.1
993,Sanjay Reddy,36,1030000.0,13,Kochi,Finance,4.1
994,Sneha Desai,31,1004000.0,10,Kolkata,Sales,3.9
995,Varun Yadav,31,1374000.0,9,Surat,Management,4.3
996,Tarun Khanna,36,1208000.0,12,Nagpur,IT,3.3
997,Isha Malhotra,40,1679000.0,18,Hyderabad,Management,NaN
998,Kiran Iyer,32,1277000.0,8,Bangalore,Management,4
999,Sanjay Mishra,36,1270000.0,13,Surat,Finance,4.6
1000,Charu Malhotra,23,750000.0,0,Bhopal,Finance,4.8
1001,Payal Tiwari,37,1142000.0,13,Hyderabad,Sales,5
1002,Rajesh Kumar,42,1320000.0,inf,Ahmedabad,Operations,4.6
1003,Swati Yadav,35,1057000.0,13,Kolkata,Sales,3.9
1004,Yogesh Kapoor,46,1560000.0,25,Nagpur,IT,4.9
1005,Ramesh Singh,37,inf,14,Chennai,Marketing,4.3
1006,Ajay Patil,21,600000.0,inf,Surat,HR,4.5
1007,Rohit Kumar,29,1005000.0,7,Mumbai,IT,5
1008,Geeta Chauhan,29,690000.0,5,Kochi,Sales,4.8
1009,Komal Saxena,49,NaN,27,Kochi,Operations,4.6
1010,Varun Saxena,44,1291000.0,NaN,Kochi,Marketing,3.9
1011,Ravi Khanna,43,1870000.0,21,Bangalore,Management,4.4
1012,Vivek Iyer,26,814000.0,inf,Surat,HR,3.8
1013,Sandeep Sinha,31,1042000.0,9,Surat,Finance,4.9
1014,Amit Rao,40,1593000.0,16,Patna,Management,4.3
1015,Aditya Jain,34,1080000.0,11,Jaipur,Marketing,2.8
1016,Komal Desai,31,934000.0,9,Kochi,Sales,3.5
1017,Gaurav Mehta,37,1439000.0,13,Nagpur,Management,5
1018,Ramesh Iyer,46,1453000.0,24,Noida,Marketing,4
1019,Shalini Patil,33,914000.0,10,Pune,Sales,4.2
1020,Ritu Kumar,27,800000.0,4,Bhopal,IT,4.4
1021,Shalini Rao,39,1011000.0,15,Lucknow,HR,4.5
1022,Alok Kapoor,28,815000.0,7,Kolkata,HR,4.5
1023,Rohit Rao,33,951000.0,9,Delhi,Operations,3.8
1024,Vikram Sharma,32,814000.0,8,NaN,HR,3.7
1025,Mohit Desai,32,756000.0,8,Mumbai,Operations,3.9
1026,Vikram Gupta,31,1260000.0,8,Nagpur,Management,4
1027,Yogesh Mehta,33,1423000.0,11,Ahmedabad,Management,4.5
1028,Riya Singh,28,714000.0,6,Bhopal,Sales,3.6
1029,Sunil Yadav,30,-782000.0,6,Kolkata,Operations,3.7
1030,Suresh Khanna,23,564000.0,0,Surat,Operations,4.2
1031,Divya Malhotra,38,1150000.0,NaN,Kochi,Operations,3.9
1032,Ashish Khanna,26,652000.0,3,Kanpur,HR,3.7
1033,Nisha Singh,38,1017000.0,16,Indore,Operations,3.9
1034,Arjun Jain,36,1120000.0,13,NaN,Marketing,5
1035,Gaurav Sharma,36,1095000.0,15,Patna,Marketing,4.1
1036,Anita Desai,21,544000.0,0,NaN,HR,3.7
1037,Abhishek Nair,41,1406000.0,20,Kanpur,IT,4
1038,Shweta Jain,28,934000.0,7,Patna,HR,3.9
1039,Rakesh Jain,48,1940000.0,25,Bhopal,Management,4.3
1040,Priya Rao,36,1152000.0,12,Chennai,Finance,3.1
1041,Sunil Khanna,31,963000.0,7,Surat,Marketing,4.1
1042,Mohit Yadav,22,646000.0,0,Kanpur,Marketing,5
1043,Prakash Reddy,43,1480000.0,21,Chandigarh,IT,4.6
1044,Manoj Sinha,31,794000.0,8,Kanpur,Marketing,NaN
1045,Tarun Joshi,46,1568000.0,24,Noida,IT,4
1046,Alka Mishra,31,1032000.0,8,NaN,Operations,4.9
1047,Shweta Sinha,51,1482000.0,27,Chandigarh,HR,4.2
1048,Komal Kumar,21,818000.0,0,Indore,Finance,3.5
1049,Neha Singh,35,1152000.0,14,Chennai,IT,3.8
1050,Sunil Yadav,27,761000.0,6,Pune,Sales,3.8
1051,Ankit Malhotra,29,842000.0,5,NaN,Operations,3.5
1052,Puneet Reddy,35,1287000.0,14,Jaipur,Finance,3.8
1053,Meera Sharma,28,792000.0,6,Patna,Operations,4.7
1054,Swati Saxena,35,1148000.0,14,Kochi,Finance,4.3
1055,Manisha Sinha,25,1125000.0,2,Mumbai,Management,NaN
1056,Shalini Pandey,31,883000.0,10,Bangalore,Operations,3.7
1057,Meera Yadav,38,1443000.0,17,Jaipur,IT,3.8
1058,Karan Yadav,37,1008000.0,15,Hyderabad,Marketing,3.8
1059,Komal Iyer,33,1347000.0,12,Gurgaon,Management,3.6
1060,Prakash Rao,28,913000.0,4,Hyderabad,IT,4
1061,Komal Joshi,21,430000.0,0,Hyderabad,Operations,3.8
1062,Varun Saxena,37,970000.0,14,Kochi,Finance,3.9
1063,Geeta Chauhan,29,921000.0,6,Indore,Sales,NaN
1064,Geeta Agarwal,37,1186000.0,15,Kochi,Marketing,3
1065,Rakesh Menon,40,1312000.0,17,Bhopal,Finance,4.4
1066,Kunal Sharma,60,1898000.0,39,Noida,Finance,5
1067,Rohit Bhatt,31,1053000.0,8,Surat,IT,4.1
1068,Nisha Chauhan,30,949000.0,7,Ahmedabad,IT,4.3
1069,Vandana Kapoor,21,810000.0,0,Mumbai,IT,3.9
1070,Vikram Kumar,24,699000.0,1,Gurgaon,Finance,4.7
1071,Ashish Jain,29,989000.0,6,Gurgaon,IT,3.7
1072,Suresh Tiwari,40,1320000.0,19,Lucknow,Operations,5
1073,Ritu Khanna,32,1088000.0,11,Surat,Marketing,4.1
1074,Ankit Joshi,44,1747000.0,23,Mumbai,Management,4.5
1075,Kiran Desai,32,875000.0,8,NaN,Sales,4.1
1076,Preeti Tiwari,36,1116000.0,15,Nagpur,Operations,4.2
1077,Sandeep Gupta,46,1534000.0,23,Gurgaon,Marketing,4.5
1078,Tarun Rao,30,NaN,NaN,NaN,HR,4.6
1079,Bhavna Saxena,41,1368000.0,20,Indore,HR,3.8
1080,Kunal Kumar,32,919000.0,10,Bangalore,Finance,3.9
1081,Alok Kapoor,41,1258000.0,17,Bangalore,Finance,4.4
1082,Aditya Agrawal,32,1376000.0,10,Chennai,Management,3.5
1083,Karan Khanna,34,711000.0,10,Gurgaon,Operations,4
1084,Abhishek Tiwari,21,646000.0,0,Bangalore,HR,4.5
1085,Aditya Nair,37,1432000.0,16,Indore,IT,3.6
1086,Ravi Yadav,47,1615000.0,24,Noida,Finance,4
1087,Sunita Mehta,43,1261000.0,20,Bhopal,Marketing,3.7
1088,Simran Gupta,29,753000.0,7,Kanpur,HR,3.6
1089,Ramesh Singh,43,NaN,22,Noida,HR,4.3
1090,Rekha Sharma,29,NaN,6,Kolkata,Operations,NaN
1091,Yogesh Sharma,21,545000.0,0,Kochi,HR,3.4
1092,Vishal Pandey,49,1633000.0,26,Patna,Marketing,4.2
1093,Anita Rao,44,1337000.0,23,Gurgaon,Sales,4.4
1094,Nidhi Gupta,35,991000.0,12,Mumbai,HR,4.7
1095,Abhishek Reddy,39,inf,18,Delhi,Sales,3.3
1096,Rahul Chopra,26,1095000.0,3,Kolkata,Management,4.1
1097,Ajay Mishra,24,843000.0,0,Kolkata,Marketing,4.9
1098,Jyoti Chauhan,38,1151000.0,17,Pune,HR,4
1099,Prakash Kapoor,26,931000.0,5,Jaipur,IT,4.2
1100,Sunita Nair,24,627000.0,0,Hyderabad,Sales,4
1100,Sunita Nair,24,627000.0,0,Hyderabad,Sales,4
